Aug 2024,6380523
Sep 2024,6197089
Oct 2024,6327904
Nov 2024,6304811
Dec 2024,6456667
Jan 2025,6463478
Feb 2025,6441832
Mar 2025,6455291
Apr 2025,6490239
May 2025,6373129
Jun 2025,6463727
Jul 2025,6585712
Aug 2025,6550665
Sep 2025,6631863
Oct 2025,6413862
Nov 2025,6518804
Dec 2025,6443562
Jan 2026,6620435
Feb 2026,6514649
Mar 2026,6704588
Apr 2026,6680810
May 2026,6695454
Jun 2026,6593661
Jul 2026,6772145
Aug 2026,6637780
Sep 2026,6740030
Oct 2026,6822416
Nov 2026,6759742
Dec 2026,6677775
Jan 2027,6736365
Feb 2027,6813353
Mar 2027,6740822
Apr 2027,6846361
May 2027,6864844
Jun 2027,6724152
Jul 2027,6727224
Aug 2027,6944021
Sep 2027,6860454
Oct 2027,6940935
Nov 2027,6983698
Dec 2027,6923458
Jan 2028,6957297
Feb 2028,7041683
Mar 2028,7000256
Apr 2028,7037738
May 2028,7183410
Jun 2028,7052531
Jul 2028,7100438
Aug 2028,6901993
Sep 2028,7121127
Oct 2028,7023080
Nov 2028,7119664
Dec 2028,7092514
Jan 2029,7224194
Feb 2029,7227289
Mar 2029,7172081
Apr 2029,7279965
May 2029,7240142
Jun 2029,7289313
Jul 2029,7276969
Aug 2029,7302583
Sep 2029,7157240
Oct 2029,7354248
Nov 2029,7302005
Dec 2029,7258850
Jan 2030,7274600
Feb 2030,7340827
Mar 2030,7371252
Apr 2030,7326868
May 2030,7479768
Jun 2030,7440416
Jul 2030,7429889
Aug 2030,7426912
Sep 2030,7373034
Oct 2030,7543489
Nov 2030,7667262
Dec 2030,7531920
Jan 2031,7433188
Feb 2031,7602389
Mar 2031,7632724
Apr 2031,7601520
May 2031,7372400
Jun 2031,7688729
Jul 2031,7545364
Aug 2031,7734557
Sep 2031,7772399
Oct 2031,7722193
Nov 2031,7782726
Dec 2031,7772137
Jan 2032,7633266
Feb 2032,7707255
Mar 2032,7795264
Apr 2032,7907576
May 2032,7853452
Jun 2032,7906634
Jul 2032,7911401
Aug 2032,8016675
Sep 2032,7864507
Oct 2032,8001091
Nov 2032,7989897
Dec 2032,7866223
Jan 2033,7971531
Feb 2033,7957017
Mar 2033,7839872
Apr 2033,7911197
May 2033,7942534
Jun 2033,8009488
Jul 2033,8324711
Aug 2033,8389196
Sep 2033,8263566
Oct 2033,8367729
Nov 2033,8247335
Dec 2033,8200571
Jan 2034,8098752
Feb 2034,8193912
Mar 2034,8227281
Apr 2034,8232767
May 2034,8374424
Jun 2034,8300005
Jul 2034,8236636
Aug 2034,8358422
Sep 2034,8539619
Oct 2034,8280054
Nov 2034,8491701
Dec 2034,8449350
Jan 2035,8295156
Feb 2035,8414268
Mar 2035,8433275
Apr 2035,8588482
May 2035,8641159
Jun 2035,8581329
Jul 2035,8738981
Aug 2035,8583156
Sep 2035,8469115
Oct 2035,8827457
Nov 2035,8704648
Dec 2035,8521496
Jan 2036,8817535
Feb 2036,8874009
Mar 2036,8571240
Apr 2036,8606259
May 2036,8771244
Jun 2036,8749368
Jul 2036,8585996
Aug 2036,8996519
Sep 2036,8818711
Oct 2036,8863653
Nov 2036,8855365
Dec 2036,8974977
Jan 2037,8969659
Feb 2037,8825796
Mar 2037,8971199
Apr 2037,9022386
May 2037,9044678
Jun 2037,8898246
Jul 2037,9202689
Aug 2037,8963595
Sep 2037,9061641
Oct 2037,9142756
Nov 2037,9143220
Dec 2037,9098624
Jan 2038,9255796
Feb 2038,9165836
Mar 2038,9038675
Apr 2038,9169889
May 2038,9157521
Jun 2038,9209610
Jul 2038,9171929
Aug 2038,9258368
Sep 2038,9309259
Oct 2038,9334062
Nov 2038,9508962
Dec 2038,9426491
Jan 2039,9403928
Feb 2039,9433969
Mar 2039,9461267
Apr 2039,9581680
May 2039,9641626
Jun 2039,9317041
Jul 2039,9427991
Aug 2039,9511406
Sep 2039,9602163
Oct 2039,9485443
Nov 2039,9794997
Dec 2039,9682105
Jan 2040,9648210
Feb 2040,9616305
Mar 2040,9488161
Apr 2040,9741518
May 2040,9621501
Jun 2040,9818724
Jul 2040,9779585
Aug 2040,9985210
Sep 2040,9793412
Oct 2040,9917727
Nov 2040,9803143
Dec 2040,9877797
Sep 2024,404
Oct 2024,404
Nov 2024,404
Dec 2024,404
Jan 2025,404
Feb 2025,404
Mar 2025,404
Apr 2025,404
May 2025,404
Jun 2025,404
Jul 2025,404
Aug 2025,404
Sep 2025,404
Oct 2025,404
Nov 2025,404
Dec 2025,404
Jan 2026,404
Feb 2026,404
Mar 2026,404
Apr 2026,404
May 2026,404
Jun 2026,404
Jul 2026,404
Aug 2026,404
Sep 2026,404
Oct 2026,404
Nov 2026,404
Dec 2026,404
Jan 2027,404
Feb 2027,404
Mar 2027,404
Apr 2027,404
May 2027,404
Jun 2027,404
Jul 2027,404
Aug 2027,404
Sep 2027,404
Oct 2027,404
Nov 2027,404
Dec 2027,404
Jan 2028,404
Feb 2028,404
Mar 2028,404
Apr 2028,404
May 2028,404
Jun 2028,404
Jul 2028,404
Aug 2028,404
Sep 2028,404
Oct 2028,404
Nov 2028,404
Dec 2028,404
Jan 2029,404
Feb 2029,404
Mar 2029,404
Apr 2029,404
May 2029,404
Jun 2029,404
Jul 2029,404
Aug 2029,404
Sep 2029,404
Oct 2029,404
Nov 2029,404
Dec 2029,404
Jan 2030,404
Feb 2030,404
Mar 2030,404
Apr 2030,404
May 2030,404
Jun 2030,404
Jul 2030,404
Aug 2030,404
Sep 2030,404
Oct 2030,404
Nov 2030,404
Dec 2030,404
Jan 2031,404
Feb 2031,404
Mar 2031,404
Apr 2031,404
May 2031,404
Jun 2031,404
Jul 2031,404
Aug 2031,404
Sep 2031,404
Oct 2031,404
Nov 2031,404
Dec 2031,404
Jan 2032,404
Feb 2032,404
Mar 2032,404
Apr 2032,404
May 2032,404
Jun 2032,404
Jul 2032,404
Aug 2032,404
Sep 2032,404
Oct 2032,404
Nov 2032,404
Dec 2032,404
Jan 2033,404
Feb 2033,404
Mar 2033,404
Apr 2033,404
May 2033,404
Jun 2033,404
Jul 2033,404
Aug 2033,404
Sep 2033,404
Oct 2033,404
Nov 2033,404
Dec 2033,404
Jan 2034,404
Feb 2034,404
Mar 2034,404
Apr 2034,404
May 2034,404
Jun 2034,404
Jul 2034,404
Aug 2034,404
Sep 2034,404
Oct 2034,404
Nov 2034,404
Dec 2034,404
Jan 2035,404
Feb 2035,404
Mar 2035,404
Apr 2035,404
May 2035,404
Jun 2035,404
Jul 2035,404
Aug 2035,404
Sep 2035,404
Oct 2035,404
Nov 2035,404
Dec 2035,404
Jan 2036,404
Feb 2036,404
Mar 2036,404
Apr 2036,404
May 2036,404
Jun 2036,404
Jul 2036,404
Aug 2036,404
Sep 2036,404
Oct 2036,404
Nov 2036,404
Dec 2036,404
Jan 2037,404
Feb 2037,404
Mar 2037,404
Apr 2037,404
May 2037,404
Jun 2037,404
Jul 2037,404
Aug 2037,404
Sep 2037,404
Oct 2037,404
Nov 2037,404
Dec 2037,404
Jan 2038,404
Feb 2038,404
Mar 2038,404
Apr 2038,404
May 2038,404
Jun 2038,404
Jul 2038,404
Aug 2038,404
Sep 2038,404
Oct 2038,404
Nov 2038,404
Dec 2038,404
Jan 2039,404
Feb 2039,404
Mar 2039,404
Apr 2039,404
May 2039,404
Jun 2039,404
Jul 2039,404
Aug 2039,404
Sep 2039,404
Oct 2039,404
Nov 2039,404
Dec 2039,404
Jan 2040,404
Feb 2040,404
Mar 2040,404
Apr 2040,404
May 2040,404
Jun 2040,404
Jul 2040,404
Aug 2040,404
Sep 2040,404
Oct 2040,404
Nov 2040,404
Dec 2040,404
Sep 2024,404
Oct 2024,404
Nov 2024,404
Dec 2024,404
Jan 2025,404
Feb 2025,404
Mar 2025,404
Apr 2025,404
May 2025,404
Jun 2025,404
Jul 2025,404
Aug 2025,404
Sep 2025,404
Oct 2025,404
Nov 2025,404
Dec 2025,404
Jan 2026,404
Feb 2026,404
Mar 2026,404
Apr 2026,404
May 2026,404
Jun 2026,404
Jul 2026,404
Aug 2026,404
Sep 2026,404
Oct 2026,404
Nov 2026,404
Dec 2026,404
Jan 2027,404
Feb 2027,404
Mar 2027,404
Apr 2027,404
May 2027,404
Jun 2027,404
Jul 2027,404
Aug 2027,404
Sep 2027,404
Oct 2027,404
Nov 2027,404
Dec 2027,404
Jan 2028,404
Feb 2028,404
Mar 2028,404
Apr 2028,404
May 2028,404
Jun 2028,404
Jul 2028,404
Aug 2028,404
Sep 2028,404
Oct 2028,404
Nov 2028,404
Dec 2028,404
Jan 2029,404
Feb 2029,404
Mar 2029,404
Apr 2029,404
May 2029,404
Jun 2029,404
Jul 2029,404
Aug 2029,404
Sep 2029,404
Oct 2029,404
Nov 2029,404
Dec 2029,404
Jan 2030,404
Feb 2030,404
Mar 2030,404
Apr 2030,404
May 2030,404
Jun 2030,404
Jul 2030,404
Aug 2030,404
Sep 2030,404
Oct 2030,404
Nov 2030,404
Dec 2030,404
Jan 2031,404
Feb 2031,404
Mar 2031,404
Apr 2031,404
May 2031,404
Jun 2031,404
Jul 2031,404
Aug 2031,404
Sep 2031,404
Oct 2031,404
Nov 2031,404
Dec 2031,404
Jan 2032,404
Feb 2032,404
Mar 2032,404
Apr 2032,404
May 2032,404
Jun 2032,404
Jul 2032,404
Aug 2032,404
Sep 2032,404
Oct 2032,404
Nov 2032,404
Dec 2032,404
Jan 2033,404
Feb 2033,404
Mar 2033,404
Apr 2033,404
May 2033,404
Jun 2033,404
Jul 2033,404
Aug 2033,404
Sep 2033,404
Oct 2033,404
Nov 2033,404
Dec 2033,404
Jan 2034,404
Feb 2034,404
Mar 2034,404
Apr 2034,404
May 2034,404
Jun 2034,404
Jul 2034,404
Aug 2034,404
Sep 2034,404
Oct 2034,404
Nov 2034,404
Dec 2034,404
Jan 2035,404
Feb 2035,404
Mar 2035,404
Apr 2035,404
May 2035,404
Jun 2035,404
Jul 2035,404
Aug 2035,404
Sep 2035,404
Oct 2035,404
Nov 2035,404
Dec 2035,404
Jan 2036,404
Feb 2036,404
Mar 2036,404
Apr 2036,404
May 2036,404
Jun 2036,404
Jul 2036,404
Aug 2036,404
Sep 2036,404
Oct 2036,404
Nov 2036,404
Dec 2036,404
Jan 2037,404
Feb 2037,404
Mar 2037,404
Apr 2037,404
May 2037,404
Jun 2037,404
Jul 2037,404
Aug 2037,404
Sep 2037,404
Oct 2037,404
Nov 2037,404
Dec 2037,404
Jan 2038,404
Feb 2038,404
Mar 2038,404
Apr 2038,404
May 2038,404
Jun 2038,404
Jul 2038,404
Aug 2038,404
Sep 2038,404
Oct 2038,404
Nov 2038,404
Dec 2038,404
Jan 2039,404
Feb 2039,404
Mar 2039,404
Apr 2039,404
May 2039,404
Jun 2039,404
Jul 2039,404
Aug 2039,404
Sep 2039,404
Oct 2039,404
Nov 2039,404
Dec 2039,404
Jan 2040,404
Feb 2040,404
Mar 2040,404
Apr 2040,404
May 2040,404
Jun 2040,404
Jul 2040,404
Aug 2040,404
Sep 2040,404
Oct 2040,404
Nov 2040,404
Dec 2040,404
Sep 2024,404
Oct 2024,404
Nov 2024,404
Dec 2024,404
Jan 2025,404
Feb 2025,404
Mar 2025,404
Apr 2025,404
May 2025,404
Jun 2025,404
Jul 2025,404
Aug 2025,404
Sep 2025,404
Oct 2025,404
Nov 2025,404
Dec 2025,404
Jan 2026,404
Feb 2026,404
Mar 2026,404
Apr 2026,404
May 2026,404
Jun 2026,404
Jul 2026,404
Aug 2026,404
Sep 2026,404
Oct 2026,404
Nov 2026,404
Dec 2026,404
Jan 2027,404
Feb 2027,404
Mar 2027,404
Apr 2027,404
May 2027,404
Jun 2027,404
Jul 2027,404
Aug 2027,404
Sep 2027,404
Oct 2027,404
Nov 2027,404
Dec 2027,404
Jan 2028,404
Feb 2028,404
Mar 2028,404
Apr 2028,404
May 2028,404
Jun 2028,404
Jul 2028,404
Aug 2028,404
Sep 2028,404
Oct 2028,404
Nov 2028,404
Dec 2028,404
Jan 2029,404
Feb 2029,404
Mar 2029,404
Apr 2029,404
May 2029,404
Jun 2029,404
Jul 2029,404
Aug 2029,404
Sep 2029,404
Oct 2029,404
Nov 2029,404
Dec 2029,404
Jan 2030,404
Feb 2030,404
Mar 2030,404
Apr 2030,404
May 2030,404
Jun 2030,404
Jul 2030,404
Aug 2030,404
Sep 2030,404
Oct 2030,404
Nov 2030,404
Dec 2030,404
Jan 2031,404
Feb 2031,404
Mar 2031,404
Apr 2031,404
May 2031,404
Jun 2031,404
Jul 2031,404
Aug 2031,404
Sep 2031,404
Oct 2031,404
Nov 2031,404
Dec 2031,404
Jan 2032,404
Feb 2032,404
Mar 2032,404
Apr 2032,404
May 2032,404
Jun 2032,404
Jul 2032,404
Aug 2032,404
Sep 2032,404
Oct 2032,404
Nov 2032,404
Dec 2032,404
Jan 2033,404
Feb 2033,404
Mar 2033,404
Apr 2033,404
May 2033,404
Jun 2033,404
Jul 2033,404
Aug 2033,404
Sep 2033,404
Oct 2033,404
Nov 2033,404
Dec 2033,404
Jan 2034,404
Feb 2034,404
Mar 2034,404
Apr 2034,404
May 2034,404
Jun 2034,404
Jul 2034,404
Aug 2034,404
Sep 2034,404
Oct 2034,404
Nov 2034,404
Dec 2034,404
Jan 2035,404
Feb 2035,404
Mar 2035,404
Apr 2035,404
May 2035,404
Jun 2035,404
Jul 2035,404
Aug 2035,404
Sep 2035,404
Oct 2035,404
Nov 2035,404
Dec 2035,404
Jan 2036,404
Feb 2036,404
Mar 2036,404
Apr 2036,404
May 2036,404
Jun 2036,404
Jul 2036,404
Aug 2036,404
Sep 2036,404
Oct 2036,404
Nov 2036,404
Dec 2036,404
Jan 2037,404
Feb 2037,404
Mar 2037,404
Apr 2037,404
May 2037,404
Jun 2037,404
Jul 2037,404
Aug 2037,404
Sep 2037,404
Oct 2037,404
Nov 2037,404
Dec 2037,404
Jan 2038,404
Feb 2038,404
Mar 2038,404
Apr 2038,404
May 2038,404
Jun 2038,404
Jul 2038,404
Aug 2038,404
Sep 2038,404
Oct 2038,404
Nov 2038,404
Dec 2038,404
Jan 2039,404
Feb 2039,404
Mar 2039,404
Apr 2039,404
May 2039,404
Jun 2039,404
Jul 2039,404
Aug 2039,404
Sep 2039,404
Oct 2039,404
Nov 2039,404
Dec 2039,404
Jan 2040,404
Feb 2040,404
Mar 2040,404
Apr 2040,404
May 2040,404
Jun 2040,404
Jul 2040,404
Aug 2040,404
Sep 2040,404
Oct 2040,404
Nov 2040,404
Dec 2040,404
